x1	x2	y
0,6307954898	0,7804476933	1
0,1837553028	0,1955576721	-1
0,7697963202	0,06145791403	1
0,4388857772	0,1022383744	1
0,5891419144	0,8923729727	1
0,5614261813	0,5577337015	1
0,9142300477	0,5115059989	-1
0,6594252214	0,9840910026	1
0,3169360022	0,5746769928	1
0,06180233194	0,1173825112	-1
0,04807933099	0,411071885	-1
0,7640434545	0,4741617356	1
0,3313444906	0,009635010777	1
0,3517876223	0,3973505014	1
0,8396977827	0,3574904396	-1
0,0812901192	0,1781690854	-1
0,8267429033	0,1899931658	-1
0,9529745115	0,7595111277	-1
0,8083093555	0,1114245659	-1
0,5527619311	0,5662039076	1
0,393669535	0,4760116864	1
0,1555931926	0,07888387251	-1
0,8511318259	0,380862813	-1
0,0865354442	0,8707559635	1
0,259358335	0,6155768412	-1
0,6170918548	0,960294854	1
0,6436082012	0,4376973744	1
0,7378091439	0,4979849437	1
0,3252078023	0,5988467186	1
0,993004701	0,001484934116	1
0,8229021951	0,1332891399	-1
0,1894112442	0,5811424215	-1
0,03634217076	0,03883681042	-1
0,1977637211	0,856572055	1
0,1148141806	0,1294255419	-1
0,2548296152	0,5550510554	-1
0,3684211193	0,01935204301	1
0,1431105788	0,1037737484	-1
0,8142737746	0,411078003	-1
0,3764196731	0,8805469799	1
0,4668543682	0,6016708507	1
0,05176493341	0,1712961505	-1
0,2795652897	0,3973646146	-1
0,3414470984	0,2977919672	1
0,7235771651	0,4313884209	1
0,6940052202	0,8252957437	1
0,350442544	0,2171249947	1
0,6886209239	0,2373613631	1
0,3265431026	0,1368243834	1
0,1448183655	0,9738201352	1
0,8502887646	0,9655129773	-1
0,5277737769	0,2680142995	1
0,5670905495	0,4604021266	1
0,9092745876	0,7906341309	-1
0,5824784114	0,008013670313	1
0,7453453604	0,7100520897	1
0,4403387991	0,3144053036	1
0,513783559	0,4128372141	1
0,4810967836	0,6482910805	1
0,8183253688	0,7931714049	-1
0,3237701812	0,2025180326	1
0,9108880879	0,7161788273	-1
0,8261738694	0,7262725652	-1
0,7093120358	0,987718281	1
0,7691546668	0,6985552265	1
0,2952517655	0,9219777257	1
0,6835884736	0,9628763772	1
0,5653427996	0,3882492329	1
0,6929727395	0,9237888331	1
0,1784966108	0,03955143306	-1
0,9797992107	0,1177884642	-1
0,1931531715	0,2783058004	-1
0,5004933263	0,2142768308	1
0,8205471229	0,3980623455	-1
0,8715581806	0,2766949331	-1
0,5335199138	0,2553086633	1
0,9286625247	0,4196005904	-1
0,3651369125	0,7716865216	1
0,3207639683	0,8343761375	1
0,6073452008	0,5444776853	1
0,642959804	0,5244174694	1
0,2771341525	0,8520114574	1
0,03460999959	0,9900691045	1
0,6561375178	0,3806839871	1
0,8733775922	0,5342344202	-1
0,9293422202	0,07156922102	1
0,1811844843	0,8215040299	1
0,449545908	0,5871406115	1
0,624680724	0,8168091308	1
0,4364315096	0,03241092458	1
0,5406784503	0,2540214871	1
0,9826036839	0,7298375725	-1
0,2461019516	0,3405847079	-1
0,08365903369	0,04362907949	-1
0,002357746963	0,4911764032	-1
0,03533778944	0,4766279199	-1
0,3956296444	0,5015645189	1
0,948031816	0,5217338949	-1
0,5674555604	0,7232350958	1
0,3174002365	0,03987093234	1
0,6840441686	0,4800331062	1
0,5595702818	0,2577899089	1
0,2681415947	0,1799716539	-1
0,1703777178	0,8315385994	1
0,5338588883	0,3185294833	1
0,7003280893	0,8052190198	1
0,6627240652	0,8441698611	1
0,05043563494	0,7096918719	1
0,03832228543	0,1624792579	-1
0,6888245865	0,4921763146	1
0,8172410254	0,3922369211	-1
0,2639529335	0,4452326836	-1
0,8556374003	0,3548916274	-1
0,7475460454	0,8124049172	1
0,9335969104	0,1783352967	-1
0,6788038878	0,2878381128	1
0,4235546969	0,3265275079	1
0,3011719705	0,1984760994	1
0,03440090206	0,3284388542	-1
0,3839430555	0,7599829173	1
0,02949490371	0,4729452521	-1
0,3031828781	0,4313208235	1
0,3646630652	0,2607194827	1
0,5199498796	0,05795684838	1
0,5213576137	0,4598298944	1
0,9385055844	0,1899591301	-1
0,4205047781	0,1986707308	1
0,7531886587	0,6887825828	1
0,694172471	0,6480124635	1
0,2998522701	0,4953334899	-1
0,7650394144	0,493374266	1
0,1162409529	0,221940924	-1
0,637748585	0,579585411	1
0,8854098913	0,05215234589	1
0,04157995537	0,8213158391	1
0,1872657953	0,2848095069	-1
0,5804790674	0,71652054	1
0,01553555293	0,7426503433	1
0,8443291255	0,5741566863	-1
0,8309446485	0,1807208892	-1
0,01445628075	0,8731955789	1
0,5161149309	0,7761710812	1
0,35670905	0,006866910977	1
0,9736669631	0,7585466595	-1
0,1370545964	0,03423565821	-1
0,2662391728	0,2484790088	-1
0,9174860798	0,9606267085	-1
0,1356127015	0,4127136303	-1
0,8941366013	0,4990761559	-1
0,4578570413	0,1147066045	1
0,9248474175	0,2269021344	-1
0,6923882285	0,3425585013	1
0,1600390377	0,5446526993	-1
0,6650584548	0,8298428896	1
0,7385856288	0,8691012258	1
0,08887143409	0,4499269937	-1
0,8394949429	0,04762516943	1
0,07064555501	0,1606699117	-1
0,4905471751	0,06821711092	1
0,4779227491	0,5039240268	1
0,9266478645	0,7575414284	-1
0,447647598	0,9230530938	1
0,9635016238	0,3088641308	-1
0,5066181357	0,4517208708	1
0,8063148198	0,1623472514	-1
0,7434359988	0,6484918399	1
0,9485872332	0,9721132141	-1
0,2226602292	0,004325810196	-1
0,332653806	0,1376488751	1
0,3640957753	0,4338366556	1
0,7414896514	0,651532895	1
0,3236239891	0,8762243779	1
0,4703926428	0,8211340282	1
0,5067094006	0,4780792129	1
0,6875097295	0,7588421611	1
0,2216930428	0,3077954037	-1
0,5337747242	0,4035580254	1
0,1372097478	0,0601209555	-1
0,9356765722	0,2355812472	-1
0,6465430431	0,7494093183	1
0,308378764	0,7777009916	1
0,4614579073	0,9614275445	1
0,8120626069	0,4372068962	-1
0,7590282293	0,8361148281	1
0,5909678377	0,2367026272	1
0,9872025084	0,5874743307	-1
0,4724561763	0,5060180768	1
0,998327478	0,03182002352	1
0,9325248726	0,6631804993	-1
0,5245765691	0,291889789	1
0,7445485786	0,7993185976	1
0,1352059936	0,5718746243	-1
0,6196301189	0,9005384108	1
0,7227882173	0,6572030625	1
0,3197913044	0,1892227033	1
0,254049127	0,5829591928	-1
0,1793374337	0,2478709581	-1
0,9906615083	0,7361013813	-1
0,7050801631	0,3005100557	1
0,6363243018	0,5091878036	1
0,9427050522	0,2698704368	-1
0,8986835392	0,5071045247	-1
0,5944220129	0,002936282374	1
0,7681273935	0,2233302608	1
0,4521376406	0,3631424945	1
0,4102142715	0,04856150264	1
0,5707410614	0,7244052349	1
0,9444698773	0,4520602992	-1
0,7476955068	0,770336772	1
0,5395150333	0,1848766491	1
0,297980115	0,4014095335	-1
0,1929630522	0,3941358086	-1
0,8175273967	0,9834985994	-1
0,2842523261	0,6088706811	-1
0,6136538869	0,1331451169	1
0,4895552626	0,66041754	1
0,7475829854	0,7280483203	1
0,9301328118	0,7341834927	-1
0,1820099283	0,8557066929	1
0,4889787598	0,9146323094	1
0,3557615865	0,9687941412	1
0,07532600871	0,7816245577	1
0,6179539256	0,6027697575	1
0,2425622817	0,8437872872	1
0,3456529576	0,629385042	1
0,9723306825	0,8533773156	-1
0,2418952659	0,169165773	-1
0,6260654634	0,33714117	1
0,265026749	0,9666097699	1
0,03494155911	0,9989639879	1
0,8756693218	0,2437566249	-1
0,4501916869	0,002638861426	1
0,804226718	0,7909483434	-1
0,6079722177	0,5268766411	1
0,3396926928	0,3280148396	1
0,4764351762	0,3997158541	1
0,2196258766	0,9747822572	1
0,3473905457	0,0657812483	1
0,56150746	0,006715226006	1
0,8109190579	0,6173783347	-1
0,917299165	0,9396695859	-1
0,8085232771	0,129200648	-1
0,455871041	0,3871449675	1
0,3988800979	0,0764654957	1
0,4820693773	0,06409136241	1
0,08998533209	0,1875826834	-1
0,9865475323	0,7732378353	-1
0,5924569741	0,6850002616	1
0,68708309	0,2030751982	1
0,6309907554	0,5016599922	1
0,06995712999	0,8910389898	1
0,01443778935	0,7255345485	1
0,2690724758	0,7611028574	1
0,5097010394	0,2210074279	1
0,2308395114	0,2319066758	-1
0,1906234241	0,1033955249	-1
0,5044595658	0,009707623952	1
0,8402675007	0,5017036025	-1
0,1700878204	0,3298568371	-1
0,6734628115	0,8347388369	1
0,8714588077	0,5911677795	-1
0,1162235946	0,6470025245	-1
0,6549092048	0,03945718793	1
0,6296164452	0,9033154218	1
0,3333346663	0,3997028139	1
0,5978836056	0,5249219208	1
0,3914682291	0,1306768788	1
0,1141044333	0,8648577169	1
0,02797009476	0,2815779181	-1
0,09140405073	0,7666541465	1
0,7901696246	0,7670976753	1
0,503695058	0,8279919841	1
0,39890236	0,245523851	1
0,7171637963	0,4997062658	1
0,783736202	0,6838937047	1
0,8121906691	0,6905826094	-1
0,05298238607	0,1248775883	-1
0,5151192765	0,619675201	1
0,1082386777	0,1319850239	-1
0,8602664012	0,7604147478	-1
0,8798137948	0,882850822	-1
0,9847911935	0,8545645516	-1
0,7072331574	0,9047721031	1
0,5225186393	0,1391217321	1
0,2181282309	0,002331713195	-1
0,9075386645	0,1255491122	-1
0,169162992	0,01385691753	-1
0,5243791334	0,4982633686	1
0,1042526075	0,6516270159	-1
0,04877729015	0,958093263	1
0,3581809638	0,8301571813	1
0,5115510074	0,1264611147	1
0,8878253135	0,5675500144	-1
0,5877973278	0,9473298655	1
0,6485480642	0,756820022	1
0,3646231083	0,3764969851	1
0,7499167432	0,8472612195	1
0,3728381674	0,5316054739	1
0,4227653064	0,7503408902	1
0,9815187836	0,8912817539	-1
0,9087112724	0,09026752608	1
0,3490754345	0,5780983508	1
0,7435946313	0,256294696	1
0,0004353165491	0,237599384	-1
0,5479062704	0,5819864593	1
0,7571769423	0,5344154503	1
0,3601251639	0,3760846623	1
0,1859304439	0,826533184	1
0,7529847442	0,460281485	1
0,9500837626	0,1500747881	-1
0,4580412754	0,3311157441	1
0,4508119679	0,2494807481	1
0,9905176903	0,05637485588	1
0,925672558	0,02177917611	1
0,8142484602	0,5407984539	-1
0,7364870742	0,4086631742	1
0,9156526206	0,8515441571	-1
0,9229556007	0,4663876901	-1
0,2660133419	0,8807895485	1
0,2244269736	0,07103544424	-1
0,5429442576	0,741008715	1
0,6794746266	0,47549136	1
0,6547742288	0,9378758707	1
0,6014040217	0,7245037064	1
0,06568375392	0,5464122789	-1
0,1975447658	0,7554988042	1
0,6547780755	0,3279073473	1
0,3511565544	0,8653561277	1
0,8588827953	0,9683080446	-1
0,1170047937	0,1071386334	-1
0,1467006995	0,3931856824	-1
0,2951386171	0,0958132289	-1
0,4510686527	0,4200524792	1
0,0421300411	0,6482844262	-1
0,04640589058	0,8457148304	1
0,8550101443	0,6606041533	-1
0,5000465345	0,4345140406	1
0,4203641254	0,6340088566	1
0,7489999714	0,1727194804	1
0,7595242252	0,3014751314	1
0,05778555011	0,5850030626	-1
0,8205257001	0,8777729766	-1
0,5983381426	0,8708379878	1
0,1684675837	0,5585361689	-1
0,6595843162	0,1118291023	1
0,7081467937	0,0276569439	1
0,04213862334	0,8253956802	1
0,436310515	0,89735251	1
0,0226727771	0,6958920272	-1
0,06559839239	0,2015387709	-1
0,3828609306	0,4011651862	1
0,988222549	0,2906869267	-1
0,3894061151	0,07071293664	1
0,4546601869	0,735126663	1
0,2845047469	0,06101966668	-1
0,0311100438	0,1337991094	-1
0,8002073429	0,4143113689	-1
0,3691902049	0,04675206615	1
0,4454852057	0,5788854666	1
0,0723321077	0,6222085003	-1
0,831414612	0,7123349227	-1
0,97555099	0,872828864	-1
0,09774127484	0,163400299	-1
0,4687509258	0,9708266295	1
0,5831896272	0,5338475458	1
0,5884480692	0,3778854363	1
0,2422331943	0,0586831905	-1
0,4787727481	0,103365511	1
0,9526432234	0,9111828043	-1
0,4798376908	0,8930758757	1
0,7809853736	0,4386226027	1
0,5400360095	0,6909280755	1
0,4773345927	0,2652682739	1
0,8685592852	0,2870762153	-1
0,9558309786	0,6610887886	-1
0,7454024898	0,6686868936	1
0,2843002236	0,5678275087	-1
0,1883493834	0,223272258	-1
0,7540142955	0,1984767175	1
0,7399080794	0,6095576797	1
0,92976899	0,1818655569	-1
0,9818933617	0,8071452981	-1
0,1908074356	0,8109858865	1
0,511329231	0,5837735975	1
0,1647192794	0,07184441213	-1
0,01857063942	0,377761632	-1
0,6292973107	0,7790431221	1
0,7970213577	0,3832667041	1
0,9114349634	0,3249548839	-1
0,4835502399	0,4472723376	1
0,5474993048	0,2612746527	1
0,07968550321	0,2397628117	-1
0,9862159731	0,1748905979	-1
0,3358927223	0,04232983522	1
0,4129539635	0,09443400944	1
0,3947193883	0,4154958297	1
0,3533998878	0,9695308701	1
0,1833144778	0,9513268532	1
0,5749626288	0,6016913596	1
0,421809315	0,295448275	1
0,9458509473	0,773938561	-1
0,2712711664	0,6313645286	-1
0,3346186471	0,2256911779	1
0,5834189526	0,8600235448	1
0,3370724279	0,5500789303	1
0,434015951	0,778855883	1
0,6027902624	0,05278416734	1
0,122831373	0,6670569452	-1
0,8000989327	0,1046661433	-1
0,105289372	0,8176706215	1
0,8062112356	0,5448397306	-1
0,3844004868	0,722070942	1
0,5383247532	0,2465432917	1
0,7362966331	0,8087277717	1
0,9518358747	0,04504526897	1
0,7686683909	0,8656817397	1
0,1234242787	0,8450025735	1
0,218628699	0,5349423711	-1
0,009614226657	0,8740984982	1
0,08500447081	0,5570626183	-1
0,4255212739	0,730451338	1
0,1597837299	0,7654322345	1
0,0238440636	0,08319919871	-1
0,274422852	0,1823708129	-1
0,5707626061	0,6288309308	1
0,108944561	0,95289148	1
0,6132558528	0,1802463901	1
0,7252343045	0,2670440283	1
0,7114533242	0,5711940086	1
0,08066902592	0,8680365706	1
0,7699866514	0,3956474281	1
0,6541888586	0,220872771	1
0,6439087386	0,4698468173	1
0,9741489747	0,9250315398	-1
0,1175996737	0,3041451261	-1
0,2757653491	0,4947548664	-1
0,5591802617	0,8024627385	1
0,7356944958	0,201798347	1
0,03830534514	0,8690691537	1
0,7322643007	0,2780383505	1
0,461810905	0,5955731717	1
0,3620993172	0,409118755	1
0,3295403152	0,2254181491	1
0,007360157534	0,1153589024	-1
0,04177682687	0,1488422744	-1
0,09254405401	0,3124340533	-1
0,3000606678	0,7681783887	1
0,2957692761	0,07187827005	-1
0,03477119138	0,1915314255	-1
0,3866931214	0,360248717	1
0,4657054668	0,3622858897	1
0,5516899898	0,3258298299	1
0,3559866218	0,4125600907	1
0,5366417925	0,5230443006	1
0,254987031	0,7406373649	1
0,1886707105	0,3172773694	-1
0,5425522334	0,5555689492	1
0,01036957204	0,5966097993	-1
0,3846640844	0,4065572255	1
0,1535626953	0,8319936737	1
0,2897820118	0,520391876	-1
0,8743562374	0,473694962	-1
0,8154540929	0,6071259993	-1
0,8472133476	0,6493649062	-1
0,1163901139	0,162342678	-1
0,8930166961	0,137892365	-1
0,4480409716	0,1937771139	1
0,6145566721	0,6332271503	1
0,4438301166	0,7307232462	1
0,1526109297	0,3836548574	-1
0,9695344666	0,436567792	-1
0,7767568208	0,3945412429	1
0,6249135907	0,1379589372	1
0,307285269	0,5163545511	1
0,5105374764	0,1085306142	1
0,4280611484	0,9048124225	1
0,7068651654	0,500767812	1
0,7949013384	0,5362894538	1
0,02297752017	0,4065118917	-1
0,4700190645	0,6891606188	1
0,963969514	0,6447696706	-1
0,6203087281	0,560544237	1
0,5388585516	0,5249030671	1
0,6057227346	0,4779481211	1
0,48496709	0,5139414281	1
0,5537179033	0,4866110366	1
0,7200895418	0,9486714588	1
0,2667260605	0,4458703713	-1
0,3503545594	0,6763247948	1
0,8418293705	0,1516770841	-1
0,3595459162	0,7820965595	1
0,695298208	0,4174165963	1
0,1847462734	0,3673927367	-1
0,7793754257	0,4914848052	1
0,7435200856	0,6796181663	1
0,6546676712	0,6676061968	1
0,1194530913	0,762480852	1
0,7387308399	0,4526710712	1
0,03571760889	0,1952025915	-1
0,4899135237	0,1969073318	1
0,4504346255	0,4196899083	1
0,5052486033	0,6624916348	1
0,09295465377	0,6166331174	-1
0,5121598068	0,6092438168	1
0,5267814157	0,08466589247	1
0,01597689901	0,1098371319	-1
0,3727137785	0,6011311037	1
0,928729192	0,9719967378	-1
0,6548829792	0,2986636314	1
0,8494139276	0,3414467769	-1
0,8427135288	0,1787138716	-1
0,7919128141	0,2869068324	1
0,05343822325	0,5013005813	-1
0,06395629715	0,9272260941	1
0,0526486273	0,9396956167	1
0,6890116288	0,4507841066	1
0,1444644995	0,569406479	-1
0,2326977567	0,1985748979	-1
0,7782568528	0,4727377672	1
0,1463062444	0,8349308057	1
0,7154612137	0,9833756992	1
0,7722340862	0,5136317652	1
0,8978686798	0,3698547159	-1
0,9696111108	0,8621839029	-1
0,7378846813	0,06242828538	1
0,9131306888	0,55334137	-1
0,4115961696	0,3647815473	1
0,994069589	0,2104836781	-1
0,8770901032	0,9601857028	-1
0,9097090332	0,4022505137	-1
0,7633172804	0,4211097382	1
0,9658457485	0,5218742008	-1
0,978897272	0,3619680629	-1
0,3368081129	0,4179398843	1
0,8756118421	0,8365971772	-1
0,5283695873	0,7458423258	1
0,06793578435	0,07521857565	-1
0,5711773612	0,1429968037	1
0,5578053709	0,680058789	1
0,5357916917	0,4959013668	1
0,6429266475	0,9544618853	1
0,8051570751	0,7634361983	-1
0,1972770957	0,1272439055	-1
0,1663035333	0,0483254529	-1
0,3040557787	0,8522020954	1
0,1903027214	0,867475224	1
0,8941884377	0,5121068275	-1
0,5579798289	0,8619412173	1
0,9975963667	0,5371672514	-1
0,9586093797	0,5085682492	-1
0,4497880563	0,1598765618	1
0,9397990348	0,747882696	-1
0,4129358572	0,7713061092	1
0,6189924182	0,8266085161	1
0,8684498577	0,3183322452	-1
0,4804984223	0,06821604945	1
0,3171639856	0,9869435634	1
0,5766809339	0,7312022973	1
0,2836001613	0,7536902321	1
0,3279197857	0,5923399769	1
0,862378133	0,2555012402	-1
0,7731798814	0,400922186	1
0,4676902798	0,8275094987	1
0,5615022056	0,8900682955	1
0,1508621395	0,4891889075	-1
0,1944573557	0,6024456596	-1
0,3363707586	0,1210210214	1
0,03057789602	0,3903010964	-1
0,5932950816	0,06707375071	1
0,3450133463	0,08348505476	1
0,1070234802	0,9232880861	1
0,3011276867	0,4841901693	1
0,8451458103	0,3269330388	-1
0,03548579579	0,5434153988	-1
0,02180801914	0,1496031199	-1
0,1836521154	0,3017056657	-1
0,3564100798	0,6142967625	1
0,08145086973	0,9355061998	1
0,7953783271	0,5065277566	1
0,5648145703	0,04050966916	1
0,8198459359	0,8300866526	-1
0,7610730379	0,1046634224	1
0,1974260521	0,9699821653	1
0,5155126288	0,9760431603	1
0,05286408083	0,6682574845	-1
0,12926157	0,01458814739	-1
0,4302069809	0,8927899603	1
0,8980337271	0,5317327806	-1
0,09822919081	0,9848470096	1
0,5359898274	0,06825774742	1
0,2112062599	0,308084863	-1
0,9449518956	0,03822326599	1
0,5787285529	0,9898410365	1
0,9464330379	0,2756362777	-1
0,7210994875	0,2449855445	1
0,532421061	0,06054206503	1
0,5909641226	0,2032595352	1
0,9105815387	0,2725200258	-1
0,8271649991	0,1229447093	-1
0,1205218815	0,4221024966	-1
0,6734246156	0,3668702346	1
0,2799850765	0,4444245546	-1
0,2423044872	0,5411787062	-1
0,5833178619	0,3044513152	1
0,6339933408	0,7529359354	1
0,01928492129	0,659419458	-1
0,529827422	0,02958413715	1
0,4012773338	0,05166719367	1
0,2720485434	0,5614017498	-1
0,7101896861	0,3638173197	1
0,1141561975	0,5775472509	-1
0,9387173254	0,5583165065	-1
0,2803121816	0,3469284662	-1
0,5955513044	0,04462270029	1
0,7076076397	0,007052897477	1
0,778925599	0,3698723498	1
0,8616034815	0,667178512	-1
0,2611973038	0,3126476646	-1
0,8134076763	0,5064989573	-1
0,33961735	0,8745031576	1
0,8456535283	0,393760422	-1
0,30317582	0,1102002492	1
0,2150950496	0,8916225213	1
0,2413824082	0,2151372771	-1
0,3411372462	0,3772383816	1
0,5780692286	0,7972516582	1
0,6124703876	0,4099443393	1
0,151779574	0,8007097045	1
0,2080787947	0,4076129104	-1
0,8840330848	0,1199889681	-1
0,8142470298	0,1551372558	-1
0,0777340871	0,5454970243	-1
0,8857867096	0,6616789777	-1
0,1702163455	0,3156591372	-1
0,1475597951	0,4077256173	-1
0,328894617	0,2154472533	1
0,3614753031	0,07866787735	1
0,6222190646	0,8576108833	1
0,9944877687	0,468521081	-1
0,6246059563	0,510410281	1
0,3147280606	0,3555788785	1
0,2212441547	0,5944405913	-1
0,615747571	0,8012018628	1
0,06715366531	0,7611756454	1
0,7229598105	0,5036073432	1
0,6245990548	0,2871482557	1
0,6717134009	0,5504410367	1
0,9539370068	0,3702235226	-1
0,4630335759	0,157074978	1
0,4652039059	0,798210312	1
0,1009197134	0,7519905176	1
0,6512262311	0,3750955872	1
0,694188414	0,07626899313	1
0,4177621708	0,4364748327	1
0,2662033829	0,8011268527	1
0,002160752582	0,7632913744	1
0,05743460929	0,5355961404	-1
0,6292501572	0,2117859203	1
0,5286410256	0,9958650708	1
0,9916441518	0,4175972127	-1
0,9765724406	0,5384578754	-1
0,3613818062	0,003243420891	1
0,6594381308	0,2213467713	1
0,6407924758	0,8207531712	1
0,5959906597	0,05025309994	1
0,9427044532	0,8950039044	-1
0,7499259809	0,09180896021	1
0,3535919724	0,8983647845	1
0,1404009842	0,690914438	-1
0,3779826001	0,1835296975	1
0,5298228824	0,1165395386	1
0,1884225754	0,6289658109	-1
0,7316649403	0,5783845995	1
0,2125252349	0,81019164	1
0,2539156365	0,7062259314	1
0,7771033582	0,300137723	1
0,9478692492	0,2644388073	-1
0,4991134472	0,223132269	1
0,5673178218	0,08610290037	1
0,8641162191	0,5395929824	-1
0,6598059361	0,9542597741	1
0,9651841964	0,9222954963	-1
0,009460917555	0,4323062478	-1
0,6886639508	0,5001277453	1
0,9300135104	0,4511712867	-1
0,7279268832	0,1915289388	1
0,06697451717	0,7978379839	1
0,6822192621	0,8273504189	1
0,009535434505	0,517936803	-1
0,1549486345	0,771665334	1
0,935612115	0,6445496862	-1
0,2042204041	0,2890924655	-1
0,7175521479	0,5960291561	1
0,7181646908	0,4784892212	1
0,4013784277	0,04755028927	1
0,288570425	0,1954074965	-1
0,7390427517	0,07427779231	1
0,938570231	0,01949510481	1
0,5010146634	0,8884442491	1
0,6235956233	0,9880650599	1
0,6256329412	0,5482996467	1
0,7695496735	0,5133432887	1
0,8719979178	0,6038067003	-1
0,2381197233	0,6284451851	-1
0,534785015	0,762119955	1
0,01637999067	0,4659198574	-1
0,952211058	0,3053015138	-1
0,61631032	0,6627402753	1
0,9924866017	0,173389262	-1
0,6395838726	0,2069068229	1
0,4394392353	0,3378488066	1
0,2139530667	0,09337010662	-1
0,2145940139	0,3336029481	-1
0,03978952378	0,04076880016	-1
0,6708492316	0,5922479815	1
0,5988108144	0,4355166801	1
0,7719867138	0,5247292435	1
0,6717528035	0,616062447	1
0,832608057	0,1386625289	-1
0,6877231549	0,5876848415	1
0,6346890619	0,3436525063	1
0,5851984093	0,2669748448	1
0,1597969354	0,9973729136	1
0,803103048	0,395195125	-1
0,8801156159	0,1758373384	-1
0,740136076	0,3309972414	1
0,5367769538	0,1132038765	1
0,5214867214	0,03551469957	1
0,6005961892	0,7496204422	1
0,194308036	0,6966401923	-1
0,1581625654	0,8500321685	1
0,5367928901	0,6043334462	1
0,7953368842	0,2125359056	1
0,5104243009	0,08509651295	1
0,160559378	0,5717811421	-1
0,01094789576	0,5312904117	-1
0,2819735843	0,4210806741	-1
0,9808414809	0,8197582803	-1
0,3852221865	0,1263084509	1
0,1345326092	0,7042576162	1
0,9128737711	0,3853260405	-1
0,5173420834	0,08749391543	1
0,6817897787	0,2985930798	1
0,8701078095	0,4310873008	-1
0,6313433064	0,05978165019	1
0,3036697752	0,945592011	1
0,4132526736	0,5496277854	1
0,1008737268	0,6177287064	-1
0,152894112	0,9219181873	1
0,5584774971	0,5782776895	1
0,07230989725	0,6074236094	-1
0,6573206176	0,7916207161	1
0,3067292323	0,02975502459	1
0,006344356729	0,5567080877	-1
0,1692713347	0,7265321932	1
0,9445260227	0,8492666382	-1
0,3226013365	0,4999189486	1
0,9045175686	0,1063531496	-1
0,8016615033	0,6824926241	-1
0,1427555408	0,6568974996	-1
0,5982011705	0,5975805203	1
0,7230358211	0,6356677499	1
0,5656815606	0,8176086836	1
0,2040228175	0,8831297469	1
0,7322317981	0,8796739506	1
0,825890155	0,02996167807	1
0,7196851618	0,7044630109	1
0,1172653835	0,6925240146	-1
0,8583253869	0,08280705935	1
0,7508788139	0,4643736636	1
0,7598249421	0,2435743584	1
0,164792481	0,1789508663	-1
0,5649583276	0,6972672632	1
0,9358120697	0,7398555632	-1
0,8180254707	0,2616040272	-1
0,1426610865	0,6676700864	-1
0,9365212543	0,4185301842	-1
0,9887233857	0,3960731193	-1
0,542439399	0,9265180099	1
0,7676363078	0,2650294934	1
0,5007000615	0,9176768312	1
0,8497433918	0,1051294346	-1
0,3705423742	0,5461108913	1
0,7433926814	0,2846895496	1
0,117324209	0,6221257162	-1
0,4422923394	0,10001743	1
0,3550237763	0,5662977731	1
0,2086123948	0,4292803396	-1
0,09383852225	0,448086281	-1
0,66124807	0,6417077063	1
0,9526287676	0,8355805943	-1
0,539636503	0,8563966491	1
0,06255490536	0,6761396013	-1
0,7957449952	0,7787776528	1
0,4361085419	0,4520950019	1
0,7303260651	0,5078379929	1
0,404839885	0,4113529324	1
0,7342607986	0,9034885273	1
0,8394344467	0,7596439557	-1
0,8217884904	0,3309990915	-1
0,2573946776	0,3193340525	-1
0,5496471425	0,8582164496	1
0,596432817	0,3091245583	1
0,1046263528	0,2713179959	-1
0,3857835707	0,5796320077	1
0,3117600981	0,5961436508	1
0,2829961837	0,8517539897	1
0,06636395586	0,1646870544	-1
0,4603672741	0,2478899981	1
0,2253473337	0,6501162873	-1
0,1230276132	0,6805012658	-1
0,3067087667	0,908734004	1
0,5197971145	0,4681572537	1
0,4408476093	0,9135748853	1
0,168274104	0,8861305009	1
0,8933033511	0,5418785488	-1
0,6572267055	0,2267656489	1
0,1357592764	0,4874639108	-1
0,3122053413	0,3442625807	1
0,880624353	0,1090713013	-1
0,2143970786	0,589177627	-1
0,7142337709	0,5970265392	1
0,5480943083	0,499860856	1
0,9646846066	0,4431210366	-1
0,01875151374	0,6112114748	-1
0,2225505375	0,8323909172	1
0,1314555426	0,2655475791	-1
0,4961949319	0,2405165452	1
0,4487365371	0,3660503626	1
0,32812956	0,2168542381	1
0,5569978105	0,600157104	1
0,3248414095	0,06064938706	1
0,3624451552	0,7784412854	1
0,4597376286	0,8567707661	1
0,5102469521	0,5839321301	1
0,1973347245	0,1273437489	-1
0,1747585609	0,2074901953	-1
0,9565447669	0,1769500637	-1
0,2039956017	0,05676930308	-1
0,6818878742	0,0615998199	1
0,6181427455	0,9694596162	1
0,3236871056	0,9954719073	1
0,7597356633	0,1359203551	1
0,8417780321	0,924456508	-1
0,9722560073	0,2419749049	-1
0,9419921389	0,9418237079	-1
0,5442300298	0,1795550759	1
0,1306494952	0,1988803953	-1
0,7975239176	0,04104545684	1
0,829523079	0,9722672243	-1
0,6213797009	0,01259236357	1
0,2322133073	0,5895864801	-1
0,4578376513	0,2123070879	1
0,3025980863	0,9863401718	1
0,7295424696	0,4812055206	1
0,8170002989	0,7696975663	-1
0,9675321318	0,6278920018	-1
0,6339409925	0,7983997292	1
0,4444597244	0,6524081697	1
0,438823456	0,4531481381	1
0,9478004133	0,03033214967	1
0,05561951318	0,9681134353	1
0,4379471442	0,2251271274	1
0,04360620253	0,4217390979	-1
0,7277000095	0,214902937	1
0,7044274834	0,2438043958	1
0,9925060645	0,9691679609	-1
0,8132323667	0,3857497463	-1
0,8749080184	0,491812642	-1
0,3573669263	0,6225565525	1
0,1820112969	0,258480289	-1
0,317074722	0,8070130647	1
0,6913810134	0,6196447341	1
0,05488670556	0,2809864814	-1
0,3786319663	0,01512841199	1
0,1938576718	0,06336064068	-1
0,459075781	0,651458627	1
0,9595336975	0,8805880153	-1
0,9961415432	0,630373786	-1
0,8365109011	0,5833433786	-1
0,4708875407	0,3849553763	1
0,04767274947	0,001555807975	-1
0,6297731043	0,6792755906	1
0,8026698097	0,8301346122	-1
0,1319615984	0,358114655	-1
0,4819318148	0,7089941858	1
0,002776514921	0,4952156291	-1
0,9234793659	0,2635212309	-1
0,6665348849	0,5817091357	1
0,7620283752	0,5054174882	1
0,3798332749	0,920753759	1
0,3333572597	0,6588897439	1
0,2154633521	0,4501025901	-1
0,001633547179	0,17344819	-1
0,3574856991	0,8012201435	1
0,8933728546	0,4121130498	-1
0,3595918638	0,5217378434	1
0,9289299618	0,2626189084	-1
0,1917364506	0,03745061777	-1
0,7308981373	0,7092443802	1
0,3541224587	0,1107210199	1
0,4585197025	0,2241848956	1
0,07297465752	0,264071291	-1
0,8681868127	0,6899246256	-1
0,6091374503	0,8809081654	1
0,9323387402	0,4478527982	-1
0,008385055735	0,4697387891	-1
0,1625379325	0,9834092967	1
0,2014336355	0,8839006461	1
0,3772338448	0,7043323066	1
0,221996263	0,1257422651	-1
0,03070026906	0,2461213644	-1
0,4528236677	0,7323553561	1
0,3768583165	0,7476167518	1
0,2325244103	0,639373503	-1
0,6801735637	0,5796362563	1
0,8600610081	0,8500162012	-1
0,4055429692	0,08089899635	1
0,01916848036	0,1984713218	-1
0,8200630915	0,9580050659	-1
0,9115447851	0,9898730481	-1
0,7217983003	0,1400288051	1
0,9355135146	0,3235465388	-1
0,07414364944	0,04332272041	-1
0,5759604485	0,461854315	1
0,169104331	0,3984179882	-1
0,2816980888	0,6938938259	-1
0,568789314	0,01844663696	1
0,4980128818	0,7614594895	1
0,4816443278	0,1472994658	1
0,6950020325	0,06409647295	1
0,4184250803	0,3157728419	1
0,1864080467	0,5407378928	-1
0,9426385234	0,9552467489	-1
0,7690109351	0,3373306511	1
0,08115681354	0,3709752698	-1
0,7292393392	0,1130198477	1
0,4929342938	0,06085979816	1
0,5615135544	0,1118750786	1
0,8072356749	0,7806147034	-1
0,8219350057	0,9328065631	-1
0,6375088432	0,2025235844	1
0,9012882614	0,2672326613	-1
0,6530132229	0,4925237487	1
0,1429229108	0,7422249148	1
0,7475408151	0,6391458563	1
0,6539350899	0,4062700608	1
0,783043434	0,9078737773	1
0,3621687155	0,3254534866	1
0,6057068759	0,3657800145	1
0,356909311	0,219781666	1
0,03298811805	0,02383020731	-1
0,3177439279	0,06252598511	1
0,2923598727	0,7780394566	1
0,8839128842	0,08988403291	1
0,955981625	0,9957026754	-1
0,1455799968	0,7239183702	1
0,7602443236	0,2892097893	1
0,04880023256	0,4986473363	-1
0,8251113673	0,7474957906	-1
0,3975646209	0,1973259701	1
0,6954059235	0,6539649697	1
0,3091543008	0,05836965026	1
0,3146703615	0,5097671956	1
0,4331367027	0,08803670769	1
0,5119511274	0,002593748428	1
0,9796892316	0,2299007152	-1
0,8328378446	0,4136989164	-1
0,6195359505	0,3843068337	1
0,5783130129	0,8396425565	1
0,6156361469	0,04542116312	1
0,7284444735	0,5202884344	1
0,1258635941	0,6291453296	-1
0,0226798318	0,5108812343	-1
0,4762678719	0,4020836585	1
0,8444782895	0,9135655461	-1
0,3461103887	0,2899132212	1
0,7152422966	0,8924976313	1
0,2287191987	0,7429220233	1
0,1409874564	0,7367413746	1
0,2363082455	0,2671441501	-1
0,2749161395	0,3064275862	-1
0,3022587738	0,1914347507	1
0,360036516	0,3001958311	1
0,1009613	0,7339923187	1
0,1981957419	0,9157264131	1
0,5531688872	0,4562489396	1
0,9553717705	0,6402096142	-1
0,6139135227	0,7477141632	1
0,4577957388	0,1038879943	1
0,1503894612	0,0722713299	-1
0,759452769	0,1573470522	1
0,1088081984	0,3245900255	-1
0,168736075	0,5920180155	-1
0,8420823619	0,7947320013	-1
0,1105053818	0,2133962723	-1
0,4242961202	0,9196918154	1
0,1695274845	0,2977674495	-1
0,01327248696	0,2125278394	-1